Workbook

Sheet Hướng dẫn
B2: Mẫu nhập liệu sổ theo dõi nhận tái bảo hiểm hàng không
B3: Dùng cho app Bảng chỉ số TBH hàng không – https://dungexim-spec.github.io/aviation-ri-kpi/
B5: MÀU Ô
B6: Chữ xanh dương | C6: Ô nhập liệu.
B7: Nền xám, chữ đen | C7: Ô công thức – không nhập, không xoá. Tiêu đề cột công thức có nền xám đậm.
B8: Nền vàng | C8: Thiếu dữ liệu bắt buộc.
B9: Nền đỏ | C9: Lỗi cần sửa: ngày hết hạn trước ngày hiệu lực, tổn thất ngoài kỳ hợp đồng, hợp đồng Bound có tỷ lệ PVI = 0, kỳ phí quá hạn chưa thu.
B10: Nền cam | C10: Cần kiểm tra: bind sau ngày hiệu lực, ngày thông báo trước ngày tổn thất, kỳ phí đến hạn trong 30 ngày, "Paid" nhưng chưa có số tiền.
B12: QUY TẮC CHÍNH
B13: 1. Một hợp đồng một dòng | C13: Mỗi dòng Policy có một PVI ref number duy nhất. Sửa đổi bổ sung (AP/RP) dùng số riêng và ghi số hợp đồng gốc vào cột "Endorsement of".
B14: 2. Thứ tự dòng | C14: Chỉ nhập MRO / broker / tên ở sheet Policy. Sheet Risk và Premium tự lấy theo cùng dòng – dòng 5 của Risk và Premium là của hợp đồng ở dòng 5 Policy. Không chèn, xoá hay sắp xếp dòng riêng ở Risk hoặc Premium.
B15: 3. Ngày tháng | C15: Nhập dạng ngày của Excel (dd/mm/yyyy). Không gõ chữ, không điền ngày tạm 01/01/2025; chưa biết thì để trống.
B16: 4. Danh sách chọn | C16: Broker, Region, Status, Channel, Leader, Coverage, Type of loss, Paid… chọn từ danh sách. Thêm giá trị mới ở sheet "Danh mục".
B17: 5. Tỷ lệ PVI | C17: Nhập theo %: 0,5 nghĩa là 0,5%. Hợp đồng Bound phải > 0.
B18: 6. Phí | C18: Nhập Deposit GWP (100%), Brokerage %, SMB %, Facility fee %, khấu trừ khác, quỹ. GWP, NWP và net earning của PVI tự tính.
B19: 7. Bồi thường | C19: Chọn MRO của hợp đồng đang hiệu lực vào ngày tổn thất. Nhập số 100%; phần PVI tự tính. Mỗi hồ sơ có số riêng; hồ sơ mở phải có dự phòng.
B20: 8. Thu phí | C20: Mọi hợp đồng Bound đều có lịch ở sheet Installment, kể cả trả một lần. Khi thu: chọn Paid và nhập số thực thu.
B21: 9. Tái tục | C21: Hợp đồng tái tục ghi số PVI ref năm trước vào cột "Prior PVI ref".
B22: 10. Ghi chú | C22: Ghi chú nội bộ để ở cột Notes, không viết vào cột số tham chiếu.
B24: ĐẶT TÊN FILE | C24: UY_<số>_update_<ddmmyyyy>.xlsx, ví dụ UY_2_update_01112026.xlsx (UY2, số liệu chốt ngày 01/11/2026).
B25: DÒNG VÍ DỤ | C25: Dòng 2 của mỗi sheet là ví dụ (Status = Offered nên app không tính). Có thể ghi đè hoặc xoá.
B26: SỨC CHỨA | C26: Dựng sẵn công thức và kiểm tra cho 300 hợp đồng. Cần thêm: chọn dòng cuối, kéo xuống (fill down) ở tất cả các sheet.

Sheet Policy
A1: MRO | B1: Broker | C1: PIAS Ref | D1: PVI ref number | E1: Original Insured | F1: Cedant Name | G1: Region | H1: Domicile | I1: Risk offer date | J1: Status | K1: Risk bound date | L1: Inception | M1: Expiry | N1: Days on risk | O1: Days remain | P1: Flying/Non-flying | Q1: Leader | R1: Risk type | S1: Type | T1: Category | U1: Channel | V1: Prior PVI ref | W1: Endorsement of | X1: Source | Y1: Notes
A2: B0000EXAMPLE01 | B2: AJG | D2: PVI202600001 | E2: VÍ DỤ – xoá dòng này | F2: Example Insurance Co | G2: Asia Pacific RIM | H2: Vietnam | I2: 46266 | J2: Offered | K2: 46285 | L2: 46296 | M2: 46660 | N2: =IF(OR(L2="",M2=""),"",MAX(0,MIN(TODAY(),M2)-L2+1)) -> 13 | O2: =IF(M2="","",M2-TODAY()) -> 352 | P2: Flying | Q2: AXA XL | R2: HSL | S2: RI | T2: ABC | U2: A1 | V2: PVI202500001 | X2: Major PVI | Y2: Dòng ví dụ – Status Offered nên app không tính
N3: =IF(OR(L3="",M3=""),"",MAX(0,MIN(TODAY(),M3)-L3+1)) | O3: =IF(M3="","",M3-TODAY())
N4: =IF(OR(L4="",M4=""),"",MAX(0,MIN(TODAY(),M4)-L4+1)) | O4: =IF(M4="","",M4-TODAY())
N5: =IF(OR(L5="",M5=""),"",MAX(0,MIN(TODAY(),M5)-L5+1)) | O5: =IF(M5="","",M5-TODAY())
N6: =IF(OR(L6="",M6=""),"",MAX(0,MIN(TODAY(),M6)-L6+1)) | O6: =IF(M6="","",M6-TODAY())
N7: =IF(OR(L7="",M7=""),"",MAX(0,MIN(TODAY(),M7)-L7+1)) | O7: =IF(M7="","",M7-TODAY())
N8: =IF(OR(L8="",M8=""),"",MAX(0,MIN(TODAY(),M8)-L8+1)) | O8: =IF(M8="","",M8-TODAY())
N9: =IF(OR(L9="",M9=""),"",MAX(0,MIN(TODAY(),M9)-L9+1)) | O9: =IF(M9="","",M9-TODAY())
N10: =IF(OR(L10="",M10=""),"",MAX(0,MIN(TODAY(),M10)-L10+1)) | O10: =IF(M10="","",M10-TODAY())
N11: =IF(OR(L11="",M11=""),"",MAX(0,MIN(TODAY(),M11)-L11+1)) | O11: =IF(M11="","",M11-TODAY())
N12: =IF(OR(L12="",M12=""),"",MAX(0,MIN(TODAY(),M12)-L12+1)) | O12: =IF(M12="","",M12-TODAY())
N13: =IF(OR(L13="",M13=""),"",MAX(0,MIN(TODAY(),M13)-L13+1)) | O13: =IF(M13="","",M13-TODAY())
N14: =IF(OR(L14="",M14=""),"",MAX(0,MIN(TODAY(),M14)-L14+1)) | O14: =IF(M14="","",M14-TODAY())
... N301: =IF(OR(L301="",M301=""),"",MAX(0,MIN(TODAY(),M301)-L301+1)) | O301: =IF(M301="","",M301-TODAY())

Sheet Risk
A1: MRO | B1: Broker | C1: Original Insured | D1: PVI share | E1: Capacity deployment | F1: Hull | G1: Spare limit | H1: CSL | I1: PA | J1: AVN52E | K1: A/C | L1: AFV | M1: Pax | N1: Dept | O1: Spare value
A2: =IF(Policy!A2="","",Policy!A2) -> B0000EXAMPLE01 | B2: =IF(Policy!A2="","",Policy!B2) -> AJG | C2: =IF(Policy!A2="","",Policy!E2) -> VÍ DỤ – xoá dòng này | D2: 0.5 | E2: =IF(A2="","",D2*(F2+H2)/100) -> 5500000 | F2: 100000000 | G2: 0 | H2: 1000000000 | K2: 12 | L2: 400000000
A3: =IF(Policy!A3="","",Policy!A3) | B3: =IF(Policy!A3="","",Policy!B3) | C3: =IF(Policy!A3="","",Policy!E3) | E3: =IF(A3="","",D3*(F3+H3)/100)
A4: =IF(Policy!A4="","",Policy!A4) | B4: =IF(Policy!A4="","",Policy!B4) | C4: =IF(Policy!A4="","",Policy!E4) | E4: =IF(A4="","",D4*(F4+H4)/100)
A5: =IF(Policy!A5="","",Policy!A5) | B5: =IF(Policy!A5="","",Policy!B5) | C5: =IF(Policy!A5="","",Policy!E5) | E5: =IF(A5="","",D5*(F5+H5)/100)
A6: =IF(Policy!A6="","",Policy!A6) | B6: =IF(Policy!A6="","",Policy!B6) | C6: =IF(Policy!A6="","",Policy!E6) | E6: =IF(A6="","",D6*(F6+H6)/100)
A7: =IF(Policy!A7="","",Policy!A7) | B7: =IF(Policy!A7="","",Policy!B7) | C7: =IF(Policy!A7="","",Policy!E7) | E7: =IF(A7="","",D7*(F7+H7)/100)
A8: =IF(Policy!A8="","",Policy!A8) | B8: =IF(Policy!A8="","",Policy!B8) | C8: =IF(Policy!A8="","",Policy!E8) | E8: =IF(A8="","",D8*(F8+H8)/100)
A9: =IF(Policy!A9="","",Policy!A9) | B9: =IF(Policy!A9="","",Policy!B9) | C9: =IF(Policy!A9="","",Policy!E9) | E9: =IF(A9="","",D9*(F9+H9)/100)
A10: =IF(Policy!A10="","",Policy!A10) | B10: =IF(Policy!A10="","",Policy!B10) | C10: =IF(Policy!A10="","",Policy!E10) | E10: =IF(A10="","",D10*(F10+H10)/100)
A11: =IF(Policy!A11="","",Policy!A11) | B11: =IF(Policy!A11="","",Policy!B11) | C11: =IF(Policy!A11="","",Policy!E11) | E11: =IF(A11="","",D11*(F11+H11)/100)
A12: =IF(Policy!A12="","",Policy!A12) | B12: =IF(Policy!A12="","",Policy!B12) | C12: =IF(Policy!A12="","",Policy!E12) | E12: =IF(A12="","",D12*(F12+H12)/100)
A13: =IF(Policy!A13="","",Policy!A13) | B13: =IF(Policy!A13="","",Policy!B13) | C13: =IF(Policy!A13="","",Policy!E13) | E13: =IF(A13="","",D13*(F13+H13)/100)
A14: =IF(Policy!A14="","",Policy!A14) | B14: =IF(Policy!A14="","",Policy!B14) | C14: =IF(Policy!A14="","",Policy!E14) | E14: =IF(A14="","",D14*(F14+H14)/100)
... A301: =IF(Policy!A301="","",Policy!A301) | B301: =IF(Policy!A301="","",Policy!B301) | C301: =IF(Policy!A301="","",Policy!E301) | E301: =IF(A301="","",D301*(F301+H301)/100)

Sheet Premium
A1: MRO | B1: Broker | C1: Original Insured | D1: Region | E1: Domicile | F1: PVI share | G1: Deposit GWP | H1: Deposit NWP | I1: PVI deposite GWP | J1: PVI deposite NWP | K1: Brokerage | L1: SMB | M1: Total deduction | N1: Facility fee | O1: Other Deduction | P1: Fund | Q1: PVI actual earning | R1: Diffirental from lead | S1: Facility | T1: Month | U1: Year | V1: Policy status | W1: Premium status
A2: =IF(Policy!A2="","",Policy!A2) -> B0000EXAMPLE01 | B2: =IF(Policy!A2="","",Policy!B2) -> AJG | C2: =IF(Policy!A2="","",Policy!E2) -> VÍ DỤ – xoá dòng này | D2: =IF(Policy!A2="","",Policy!G2) -> Asia Pacific RIM | E2: =IF(Policy!A2="","",Policy!H2) -> Vietnam | F2: =IF(Policy!A2="","",Risk!D2) -> 0.5 | G2: 2000000 | H2: =IF(A2="","",G2*(1-M2/100)) -> 1500000 | I2: =IF(A2="","",G2*F2/100) -> 10000 | J2: =IF(A2="","",I2*(1-M2/100)) -> 7500 | K2: 21.5 | L2: 3.5 | M2: =IF(A2="","",K2+L2) -> 25 | N2: 0 | O2: 0 | P2: 0 | Q2: =IF(A2="","",J2*(1-N2/100)-O2-P2) -> 7500 | S2: =IF(Policy!A2="","",Policy!U2) -> A1 | T2: =IF(OR(A2="",Policy!L2=""),"",MONTH(Policy!L2)) -> 10 | U2: =IF(OR(A2="",Policy!L2=""),"",YEAR(Policy!L2)) -> 2026 | V2: =IF(Policy!A2="","",Policy!J2) -> Offered | W2: Estimated
A3: =IF(Policy!A3="","",Policy!A3) | B3: =IF(Policy!A3="","",Policy!B3) | C3: =IF(Policy!A3="","",Policy!E3) | D3: =IF(Policy!A3="","",Policy!G3) | E3: =IF(Policy!A3="","",Policy!H3) | F3: =IF(Policy!A3="","",Risk!D3) | H3: =IF(A3="","",G3*(1-M3/100)) | I3: =IF(A3="","",G3*F3/100) | J3: =IF(A3="","",I3*(1-M3/100)) | M3: =IF(A3="","",K3+L3) | Q3: =IF(A3="","",J3*(1-N3/100)-O3-P3) | S3: =IF(Policy!A3="","",Policy!U3) | T3: =IF(OR(A3="",Policy!L3=""),"",MONTH(Policy!L3)) | U3: =IF(OR(A3="",Policy!L3=""),"",YEAR(Policy!L3)) | V3: =IF(Policy!A3="","",Policy!J3)
A4: =IF(Policy!A4="","",Policy!A4) | B4: =IF(Policy!A4="","",Policy!B4) | C4: =IF(Policy!A4="","",Policy!E4) | D4: =IF(Policy!A4="","",Policy!G4) | E4: =IF(Policy!A4="","",Policy!H4) | F4: =IF(Policy!A4="","",Risk!D4) | H4: =IF(A4="","",G4*(1-M4/100)) | I4: =IF(A4="","",G4*F4/100) | J4: =IF(A4="","",I4*(1-M4/100)) | M4: =IF(A4="","",K4+L4) | Q4: =IF(A4="","",J4*(1-N4/100)-O4-P4) | S4: =IF(Policy!A4="","",Policy!U4) | T4: =IF(OR(A4="",Policy!L4=""),"",MONTH(Policy!L4)) | U4: =IF(OR(A4="",Policy!L4=""),"",YEAR(Policy!L4)) | V4: =IF(Policy!A4="","",Policy!J4)
A5: =IF(Policy!A5="","",Policy!A5) | B5: =IF(Policy!A5="","",Policy!B5) | C5: =IF(Policy!A5="","",Policy!E5) | D5: =IF(Policy!A5="","",Policy!G5) | E5: =IF(Policy!A5="","",Policy!H5) | F5: =IF(Policy!A5="","",Risk!D5) | H5: =IF(A5="","",G5*(1-M5/100)) | I5: =IF(A5="","",G5*F5/100) | J5: =IF(A5="","",I5*(1-M5/100)) | M5: =IF(A5="","",K5+L5) | Q5: =IF(A5="","",J5*(1-N5/100)-O5-P5) | S5: =IF(Policy!A5="","",Policy!U5) | T5: =IF(OR(A5="",Policy!L5=""),"",MONTH(Policy!L5)) | U5: =IF(OR(A5="",Policy!L5=""),"",YEAR(Policy!L5)) | V5: =IF(Policy!A5="","",Policy!J5)
A6: =IF(Policy!A6="","",Policy!A6) | B6: =IF(Policy!A6="","",Policy!B6) | C6: =IF(Policy!A6="","",Policy!E6) | D6: =IF(Policy!A6="","",Policy!G6) | E6: =IF(Policy!A6="","",Policy!H6) | F6: =IF(Policy!A6="","",Risk!D6) | H6: =IF(A6="","",G6*(1-M6/100)) | I6: =IF(A6="","",G6*F6/100) | J6: =IF(A6="","",I6*(1-M6/100)) | M6: =IF(A6="","",K6+L6) | Q6: =IF(A6="","",J6*(1-N6/100)-O6-P6) | S6: =IF(Policy!A6="","",Policy!U6) | T6: =IF(OR(A6="",Policy!L6=""),"",MONTH(Policy!L6)) | U6: =IF(OR(A6="",Policy!L6=""),"",YEAR(Policy!L6)) | V6: =IF(Policy!A6="","",Policy!J6)
A7: =IF(Policy!A7="","",Policy!A7) | B7: =IF(Policy!A7="","",Policy!B7) | C7: =IF(Policy!A7="","",Policy!E7) | D7: =IF(Policy!A7="","",Policy!G7) | E7: =IF(Policy!A7="","",Policy!H7) | F7: =IF(Policy!A7="","",Risk!D7) | H7: =IF(A7="","",G7*(1-M7/100)) | I7: =IF(A7="","",G7*F7/100) | J7: =IF(A7="","",I7*(1-M7/100)) | M7: =IF(A7="","",K7+L7) | Q7: =IF(A7="","",J7*(1-N7/100)-O7-P7) | S7: =IF(Policy!A7="","",Policy!U7) | T7: =IF(OR(A7="",Policy!L7=""),"",MONTH(Policy!L7)) | U7: =IF(OR(A7="",Policy!L7=""),"",YEAR(Policy!L7)) | V7: =IF(Policy!A7="","",Policy!J7)
A8: =IF(Policy!A8="","",Policy!A8) | B8: =IF(Policy!A8="","",Policy!B8) | C8: =IF(Policy!A8="","",Policy!E8) | D8: =IF(Policy!A8="","",Policy!G8) | E8: =IF(Policy!A8="","",Policy!H8) | F8: =IF(Policy!A8="","",Risk!D8) | H8: =IF(A8="","",G8*(1-M8/100)) | I8: =IF(A8="","",G8*F8/100) | J8: =IF(A8="","",I8*(1-M8/100)) | M8: =IF(A8="","",K8+L8) | Q8: =IF(A8="","",J8*(1-N8/100)-O8-P8) | S8: =IF(Policy!A8="","",Policy!U8) | T8: =IF(OR(A8="",Policy!L8=""),"",MONTH(Policy!L8)) | U8: =IF(OR(A8="",Policy!L8=""),"",YEAR(Policy!L8)) | V8: =IF(Policy!A8="","",Policy!J8)
A9: =IF(Policy!A9="","",Policy!A9) | B9: =IF(Policy!A9="","",Policy!B9) | C9: =IF(Policy!A9="","",Policy!E9) | D9: =IF(Policy!A9="","",Policy!G9) | E9: =IF(Policy!A9="","",Policy!H9) | F9: =IF(Policy!A9="","",Risk!D9) | H9: =IF(A9="","",G9*(1-M9/100)) | I9: =IF(A9="","",G9*F9/100) | J9: =IF(A9="","",I9*(1-M9/100)) | M9: =IF(A9="","",K9+L9) | Q9: =IF(A9="","",J9*(1-N9/100)-O9-P9) | S9: =IF(Policy!A9="","",Policy!U9) | T9: =IF(OR(A9="",Policy!L9=""),"",MONTH(Policy!L9)) | U9: =IF(OR(A9="",Policy!L9=""),"",YEAR(Policy!L9)) | V9: =IF(Policy!A9="","",Policy!J9)
A10: =IF(Policy!A10="","",Policy!A10) | B10: =IF(Policy!A10="","",Policy!B10) | C10: =IF(Policy!A10="","",Policy!E10) | D10: =IF(Policy!A10="","",Policy!G10) | E10: =IF(Policy!A10="","",Policy!H10) | F10: =IF(Policy!A10="","",Risk!D10) | H10: =IF(A10="","",G10*(1-M10/100)) | I10: =IF(A10="","",G10*F10/100) | J10: =IF(A10="","",I10*(1-M10/100)) | M10: =IF(A10="","",K10+L10) | Q10: =IF(A10="","",J10*(1-N10/100)-O10-P10) | S10: =IF(Policy!A10="","",Policy!U10) | T10: =IF(OR(A10="",Policy!L10=""),"",MONTH(Policy!L10)) | U10: =IF(OR(A10="",Policy!L10=""),"",YEAR(Policy!L10)) | V10: =IF(Policy!A10="","",Policy!J10)
A11: =IF(Policy!A11="","",Policy!A11) | B11: =IF(Policy!A11="","",Policy!B11) | C11: =IF(Policy!A11="","",Policy!E11) | D11: =IF(Policy!A11="","",Policy!G11) | E11: =IF(Policy!A11="","",Policy!H11) | F11: =IF(Policy!A11="","",Risk!D11) | H11: =IF(A11="","",G11*(1-M11/100)) | I11: =IF(A11="","",G11*F11/100) | J11: =IF(A11="","",I11*(1-M11/100)) | M11: =IF(A11="","",K11+L11) | Q11: =IF(A11="","",J11*(1-N11/100)-O11-P11) | S11: =IF(Policy!A11="","",Policy!U11) | T11: =IF(OR(A11="",Policy!L11=""),"",MONTH(Policy!L11)) | U11: =IF(OR(A11="",Policy!L11=""),"",YEAR(Policy!L11)) | V11: =IF(Policy!A11="","",Policy!J11)
A12: =IF(Policy!A12="","",Policy!A12) | B12: =IF(Policy!A12="","",Policy!B12) | C12: =IF(Policy!A12="","",Policy!E12) | D12: =IF(Policy!A12="","",Policy!G12) | E12: =IF(Policy!A12="","",Policy!H12) | F12: =IF(Policy!A12="","",Risk!D12) | H12: =IF(A12="","",G12*(1-M12/100)) | I12: =IF(A12="","",G12*F12/100) | J12: =IF(A12="","",I12*(1-M12/100)) | M12: =IF(A12="","",K12+L12) | Q12: =IF(A12="","",J12*(1-N12/100)-O12-P12) | S12: =IF(Policy!A12="","",Policy!U12) | T12: =IF(OR(A12="",Policy!L12=""),"",MONTH(Policy!L12)) | U12: =IF(OR(A12="",Policy!L12=""),"",YEAR(Policy!L12)) | V12: =IF(Policy!A12="","",Policy!J12)
A13: =IF(Policy!A13="","",Policy!A13) | B13: =IF(Policy!A13="","",Policy!B13) | C13: =IF(Policy!A13="","",Policy!E13) | D13: =IF(Policy!A13="","",Policy!G13) | E13: =IF(Policy!A13="","",Policy!H13) | F13: =IF(Policy!A13="","",Risk!D13) | H13: =IF(A13="","",G13*(1-M13/100)) | I13: =IF(A13="","",G13*F13/100) | J13: =IF(A13="","",I13*(1-M13/100)) | M13: =IF(A13="","",K13+L13) | Q13: =IF(A13="","",J13*(1-N13/100)-O13-P13) | S13: =IF(Policy!A13="","",Policy!U13) | T13: =IF(OR(A13="",Policy!L13=""),"",MONTH(Policy!L13)) | U13: =IF(OR(A13="",Policy!L13=""),"",YEAR(Policy!L13)) | V13: =IF(Policy!A13="","",Policy!J13)
A14: =IF(Policy!A14="","",Policy!A14) | B14: =IF(Policy!A14="","",Policy!B14) | C14: =IF(Policy!A14="","",Policy!E14) | D14: =IF(Policy!A14="","",Policy!G14) | E14: =IF(Policy!A14="","",Policy!H14) | F14: =IF(Policy!A14="","",Risk!D14) | H14: =IF(A14="","",G14*(1-M14/100)) | I14: =IF(A14="","",G14*F14/100) | J14: =IF(A14="","",I14*(1-M14/100)) | M14: =IF(A14="","",K14+L14) | Q14: =IF(A14="","",J14*(1-N14/100)-O14-P14) | S14: =IF(Policy!A14="","",Policy!U14) | T14: =IF(OR(A14="",Policy!L14=""),"",MONTH(Policy!L14)) | U14: =IF(OR(A14="",Policy!L14=""),"",YEAR(Policy!L14)) | V14: =IF(Policy!A14="","",Policy!J14)
... A301: =IF(Policy!A301="","",Policy!A301) | B301: =IF(Policy!A301="","",Policy!B301) | C301: =IF(Policy!A301="","",Policy!E301) | D301: =IF(Policy!A301="","",Policy!G301) | E301: =IF(Policy!A301="","",Policy!H301) | F301: =IF(Policy!A301="","",Risk!D301) | H301: =IF(A301="","",G301*(1-M301/100)) | I301: =IF(A301="","",G301*F301/100) | J301: =IF(A301="","",I301*(1-M301/100)) | M301: =IF(A301="","",K301+L301) | Q301: =IF(A301="","",J301*(1-N301/100)-O301-P301) | S301: =IF(Policy!A301="","",Policy!U301) | T301: =IF(OR(A301="",Policy!L301=""),"",MONTH(Policy!L301)) | U301: =IF(OR(A301="",Policy!L301=""),"",YEAR(Policy!L301)) | V301: =IF(Policy!A301="","",Policy!J301)

Sheet Claim
A1: MRO | B1: Broker | C1: Original Insured | D1: Claim number | E1: Date claim reported | F1: Occurrence date | G1: Location | H1: Loss details | I1: Coverage | J1: Type of loss | K1: Loss adjuster/ Lawyer | L1: Paid Claim (100%) | M1: Paid Fee (100%) | N1: Reserved claim | O1: Resered Fee | P1: Gross Incurred | Q1: PVI share | R1: PVI Paid Claim | S1: PVI Paid Fee | T1: PVI reserved claim | U1: PVI reserved Fee | V1: PVI's Gross Incured | W1: Status | X1: Lastest Movement Date | Y1: Refund amout | Z1: Paid Status
A2: B0000EXAMPLE01 | B2: =IF($A2="","",IFERROR(INDEX(Policy!$B$2:$B$301,MATCH($A2,Policy!$A$2:$A$301,0)),"MRO không có")) -> AJG | C2: =IF($A2="","",IFERROR(INDEX(Policy!$E$2:$E$301,MATCH($A2,Policy!$A$2:$A$301,0)),"MRO không có")) -> VÍ DỤ – xoá dòng này | D2: PVIAVC2026000001 | E2: 46331 | F2: 46327 | H2: Mô tả tổn thất | I2: Hull | J2: Engine | L2: 0 | M2: 0 | N2: 500000 | O2: 0 | P2: =IF($A2="","",L2+M2+N2+O2) -> 500000 | Q2: =IF($A2="","",IFERROR(INDEX(Risk!$D$2:$D$301,MATCH($A2,Policy!$A$2:$A$301,0)),0)) -> 0.5 | R2: =IF($A2="","",L2*Q2/100) -> 0 | S2: =IF($A2="","",M2*Q2/100) -> 0 | T2: =IF($A2="","",N2*Q2/100) -> 2500 | U2: =IF($A2="","",O2*Q2/100) -> 0 | V2: =IF($A2="","",R2+S2+T2+U2) -> 2500 | W2: Open | X2: 46331
B3: =IF($A3="","",IFERROR(INDEX(Policy!$B$2:$B$301,MATCH($A3,Policy!$A$2:$A$301,0)),"MRO không có")) | C3: =IF($A3="","",IFERROR(INDEX(Policy!$E$2:$E$301,MATCH($A3,Policy!$A$2:$A$301,0)),"MRO không có")) | P3: =IF($A3="","",L3+M3+N3+O3) | Q3: =IF($A3="","",IFERROR(INDEX(Risk!$D$2:$D$301,MATCH($A3,Policy!$A$2:$A$301,0)),0)) | R3: =IF($A3="","",L3*Q3/100) | S3: =IF($A3="","",M3*Q3/100) | T3: =IF($A3="","",N3*Q3/100) | U3: =IF($A3="","",O3*Q3/100) | V3: =IF($A3="","",R3+S3+T3+U3)
B4: =IF($A4="","",IFERROR(INDEX(Policy!$B$2:$B$301,MATCH($A4,Policy!$A$2:$A$301,0)),"MRO không có")) | C4: =IF($A4="","",IFERROR(INDEX(Policy!$E$2:$E$301,MATCH($A4,Policy!$A$2:$A$301,0)),"MRO không có")) | P4: =IF($A4="","",L4+M4+N4+O4) | Q4: =IF($A4="","",IFERROR(INDEX(Risk!$D$2:$D$301,MATCH($A4,Policy!$A$2:$A$301,0)),0)) | R4: =IF($A4="","",L4*Q4/100) | S4: =IF($A4="","",M4*Q4/100) | T4: =IF($A4="","",N4*Q4/100) | U4: =IF($A4="","",O4*Q4/100) | V4: =IF($A4="","",R4+S4+T4+U4)
B5: =IF($A5="","",IFERROR(INDEX(Policy!$B$2:$B$301,MATCH($A5,Policy!$A$2:$A$301,0)),"MRO không có")) | C5: =IF($A5="","",IFERROR(INDEX(Policy!$E$2:$E$301,MATCH($A5,Policy!$A$2:$A$301,0)),"MRO không có")) | P5: =IF($A5="","",L5+M5+N5+O5) | Q5: =IF($A5="","",IFERROR(INDEX(Risk!$D$2:$D$301,MATCH($A5,Policy!$A$2:$A$301,0)),0)) | R5: =IF($A5="","",L5*Q5/100) | S5: =IF($A5="","",M5*Q5/100) | T5: =IF($A5="","",N5*Q5/100) | U5: =IF($A5="","",O5*Q5/100) | V5: =IF($A5="","",R5+S5+T5+U5)
B6: =IF($A6="","",IFERROR(INDEX(Policy!$B$2:$B$301,MATCH($A6,Policy!$A$2:$A$301,0)),"MRO không có")) | C6: =IF($A6="","",IFERROR(INDEX(Policy!$E$2:$E$301,MATCH($A6,Policy!$A$2:$A$301,0)),"MRO không có")) | P6: =IF($A6="","",L6+M6+N6+O6) | Q6: =IF($A6="","",IFERROR(INDEX(Risk!$D$2:$D$301,MATCH($A6,Policy!$A$2:$A$301,0)),0)) | R6: =IF($A6="","",L6*Q6/100) | S6: =IF($A6="","",M6*Q6/100) | T6: =IF($A6="","",N6*Q6/100) | U6: =IF($A6="","",O6*Q6/100) | V6: =IF($A6="","",R6+S6+T6+U6)
B7: =IF($A7="","",IFERROR(INDEX(Policy!$B$2:$B$301,MATCH($A7,Policy!$A$2:$A$301,0)),"MRO không có")) | C7: =IF($A7="","",IFERROR(INDEX(Policy!$E$2:$E$301,MATCH($A7,Policy!$A$2:$A$301,0)),"MRO không có")) | P7: =IF($A7="","",L7+M7+N7+O7) | Q7: =IF($A7="","",IFERROR(INDEX(Risk!$D$2:$D$301,MATCH($A7,Policy!$A$2:$A$301,0)),0)) | R7: =IF($A7="","",L7*Q7/100) | S7: =IF($A7="","",M7*Q7/100) | T7: =IF($A7="","",N7*Q7/100) | U7: =IF($A7="","",O7*Q7/100) | V7: =IF($A7="","",R7+S7+T7+U7)
B8: =IF($A8="","",IFERROR(INDEX(Policy!$B$2:$B$301,MATCH($A8,Policy!$A$2:$A$301,0)),"MRO không có")) | C8: =IF($A8="","",IFERROR(INDEX(Policy!$E$2:$E$301,MATCH($A8,Policy!$A$2:$A$301,0)),"MRO không có")) | P8: =IF($A8="","",L8+M8+N8+O8) | Q8: =IF($A8="","",IFERROR(INDEX(Risk!$D$2:$D$301,MATCH($A8,Policy!$A$2:$A$301,0)),0)) | R8: =IF($A8="","",L8*Q8/100) | S8: =IF($A8="","",M8*Q8/100) | T8: =IF($A8="","",N8*Q8/100) | U8: =IF($A8="","",O8*Q8/100) | V8: =IF($A8="","",R8+S8+T8+U8)
B9: =IF($A9="","",IFERROR(INDEX(Policy!$B$2:$B$301,MATCH($A9,Policy!$A$2:$A$301,0)),"MRO không có")) | C9: =IF($A9="","",IFERROR(INDEX(Policy!$E$2:$E$301,MATCH($A9,Policy!$A$2:$A$301,0)),"MRO không có")) | P9: =IF($A9="","",L9+M9+N9+O9) | Q9: =IF($A9="","",IFERROR(INDEX(Risk!$D$2:$D$301,MATCH($A9,Policy!$A$2:$A$301,0)),0)) | R9: =IF($A9="","",L9*Q9/100) | S9: =IF($A9="","",M9*Q9/100) | T9: =IF($A9="","",N9*Q9/100) | U9: =IF($A9="","",O9*Q9/100) | V9: =IF($A9="","",R9+S9+T9+U9)
B10: =IF($A10="","",IFERROR(INDEX(Policy!$B$2:$B$301,MATCH($A10,Policy!$A$2:$A$301,0)),"MRO không có")) | C10: =IF($A10="","",IFERROR(INDEX(Policy!$E$2:$E$301,MATCH($A10,Policy!$A$2:$A$301,0)),"MRO không có")) | P10: =IF($A10="","",L10+M10+N10+O10) | Q10: =IF($A10="","",IFERROR(INDEX(Risk!$D$2:$D$301,MATCH($A10,Policy!$A$2:$A$301,0)),0)) | R10: =IF($A10="","",L10*Q10/100) | S10: =IF($A10="","",M10*Q10/100) | T10: =IF($A10="","",N10*Q10/100) | U10: =IF($A10="","",O10*Q10/100) | V10: =IF($A10="","",R10+S10+T10+U10)
B11: =IF($A11="","",IFERROR(INDEX(Policy!$B$2:$B$301,MATCH($A11,Policy!$A$2:$A$301,0)),"MRO không có")) | C11: =IF($A11="","",IFERROR(INDEX(Policy!$E$2:$E$301,MATCH($A11,Policy!$A$2:$A$301,0)),"MRO không có")) | P11: =IF($A11="","",L11+M11+N11+O11) | Q11: =IF($A11="","",IFERROR(INDEX(Risk!$D$2:$D$301,MATCH($A11,Policy!$A$2:$A$301,0)),0)) | R11: =IF($A11="","",L11*Q11/100) | S11: =IF($A11="","",M11*Q11/100) | T11: =IF($A11="","",N11*Q11/100) | U11: =IF($A11="","",O11*Q11/100) | V11: =IF($A11="","",R11+S11+T11+U11)
B12: =IF($A12="","",IFERROR(INDEX(Policy!$B$2:$B$301,MATCH($A12,Policy!$A$2:$A$301,0)),"MRO không có")) | C12: =IF($A12="","",IFERROR(INDEX(Policy!$E$2:$E$301,MATCH($A12,Policy!$A$2:$A$301,0)),"MRO không có")) | P12: =IF($A12="","",L12+M12+N12+O12) | Q12: =IF($A12="","",IFERROR(INDEX(Risk!$D$2:$D$301,MATCH($A12,Policy!$A$2:$A$301,0)),0)) | R12: =IF($A12="","",L12*Q12/100) | S12: =IF($A12="","",M12*Q12/100) | T12: =IF($A12="","",N12*Q12/100) | U12: =IF($A12="","",O12*Q12/100) | V12: =IF($A12="","",R12+S12+T12+U12)
B13: =IF($A13="","",IFERROR(INDEX(Policy!$B$2:$B$301,MATCH($A13,Policy!$A$2:$A$301,0)),"MRO không có")) | C13: =IF($A13="","",IFERROR(INDEX(Policy!$E$2:$E$301,MATCH($A13,Policy!$A$2:$A$301,0)),"MRO không có")) | P13: =IF($A13="","",L13+M13+N13+O13) | Q13: =IF($A13="","",IFERROR(INDEX(Risk!$D$2:$D$301,MATCH($A13,Policy!$A$2:$A$301,0)),0)) | R13: =IF($A13="","",L13*Q13/100) | S13: =IF($A13="","",M13*Q13/100) | T13: =IF($A13="","",N13*Q13/100) | U13: =IF($A13="","",O13*Q13/100) | V13: =IF($A13="","",R13+S13+T13+U13)
B14: =IF($A14="","",IFERROR(INDEX(Policy!$B$2:$B$301,MATCH($A14,Policy!$A$2:$A$301,0)),"MRO không có")) | C14: =IF($A14="","",IFERROR(INDEX(Policy!$E$2:$E$301,MATCH($A14,Policy!$A$2:$A$301,0)),"MRO không có")) | P14: =IF($A14="","",L14+M14+N14+O14) | Q14: =IF($A14="","",IFERROR(INDEX(Risk!$D$2:$D$301,MATCH($A14,Policy!$A$2:$A$301,0)),0)) | R14: =IF($A14="","",L14*Q14/100) | S14: =IF($A14="","",M14*Q14/100) | T14: =IF($A14="","",N14*Q14/100) | U14: =IF($A14="","",O14*Q14/100) | V14: =IF($A14="","",R14+S14+T14+U14)
... B301: =IF($A301="","",IFERROR(INDEX(Policy!$B$2:$B$301,MATCH($A301,Policy!$A$2:$A$301,0)),"MRO không có")) | C301: =IF($A301="","",IFERROR(INDEX(Policy!$E$2:$E$301,MATCH($A301,Policy!$A$2:$A$301,0)),"MRO không có")) | P301: =IF($A301="","",L301+M301+N301+O301) | Q301: =IF($A301="","",IFERROR(INDEX(Risk!$D$2:$D$301,MATCH($A301,Policy!$A$2:$A$301,0)),0)) | R301: =IF($A301="","",L301*Q301/100) | S301: =IF($A301="","",M301*Q301/100) | T301: =IF($A301="","",N301*Q301/100) | U301: =IF($A301="","",O301*Q301/100) | V301: =IF($A301="","",R301+S301+T301+U301)

Sheet Installment
A1: MRO | B1: Broker | C1: Original Insured | D1: Closing Ref | E1: Closing Date | F1: Inst 1 Date | G1: Inst 1 Share % | H1: Inst 1 Amount | I1: Inst 1 Due Date | J1: Inst 1 Paid | K1: Inst 1 Actual NWP | L1: Inst 2 Date | M1: Inst 2 Share % | N1: Inst 2 Amount | O1: Inst 2 Due Date | P1: Inst 2 Paid | Q1: Inst 2 Actual NWP | R1: Inst 3 Date | S1: Inst 3 Share % | T1: Inst 3 Amount | U1: Inst 3 Due Date | V1: Inst 3 Paid | W1: Inst 3 Actual NWP | X1: Inst 4 Date | Y1: Inst 4 Share % | Z1: Inst 4 Amount | AA1: Inst 4 Due Date | AB1: Inst 4 Paid | AC1: Inst 4 Actual NWP | AD1: Inst 5 Date | AE1: Inst 5 Share % | AF1: Inst 5 Amount | AG1: Inst 5 Due Date | AH1: Inst 5 Paid | AI1: Inst 5 Actual NWP | AJ1: Inst 6 Date | AK1: Inst 6 Share % | AL1: Inst 6 Amount | AM1: Inst 6 Due Date | AN1: Inst 6 Paid | AO1: Inst 6 Actual NWP | AP1: Inst 7 Date | AQ1: Inst 7 Share % | AR1: Inst 7 Amount | AS1: Inst 7 Due Date | AT1: Inst 7 Paid | AU1: Inst 7 Actual NWP | AV1: Inst 8 Date | AW1: Inst 8 Share % | AX1: Inst 8 Amount | AY1: Inst 8 Due Date | AZ1: Inst 8 Paid | BA1: Inst 8 Actual NWP | BB1: Inst 9 Date | BC1: Inst 9 Share % | BD1: Inst 9 Amount | BE1: Inst 9 Due Date | BF1: Inst 9 Paid | BG1: Inst 9 Actual NWP | BH1: Inst 10 Date | BI1: Inst 10 Share % | BJ1: Inst 10 Amount | BK1: Inst 10 Due Date | BL1: Inst 10 Paid | BM1: Inst 10 Actual NWP | BN1: Inst 11 Date | BO1: Inst 11 Share % | BP1: Inst 11 Amount | BQ1: Inst 11 Due Date | BR1: Inst 11 Paid | BS1: Inst 11 Actual NWP | BT1: Inst 12 Date | BU1: Inst 12 Share % | BV1: Inst 12 Amount | BW1: Inst 12 Due Date | BX1: Inst 12 Paid | BY1: Inst 12 Actual NWP | BZ1: Last Movement Date
A2: B0000EXAMPLE01 | B2: =IF($A2="","",IFERROR(INDEX(Policy!$B$2:$B$301,MATCH($A2,Policy!$A$2:$A$301,0)),"MRO không có")) -> AJG | C2: =IF($A2="","",IFERROR(INDEX(Policy!$E$2:$E$301,MATCH($A2,Policy!$A$2:$A$301,0)),"MRO không có")) -> VÍ DỤ – xoá dòng này | F2: 46296 | H2: 3750 | I2: 46327 | J2: Paid | K2: 3750 | L2: 46478 | N2: 3750 | O2: 46508 | P2: Unpaid
B3: =IF($A3="","",IFERROR(INDEX(Policy!$B$2:$B$301,MATCH($A3,Policy!$A$2:$A$301,0)),"MRO không có")) | C3: =IF($A3="","",IFERROR(INDEX(Policy!$E$2:$E$301,MATCH($A3,Policy!$A$2:$A$301,0)),"MRO không có"))
B4: =IF($A4="","",IFERROR(INDEX(Policy!$B$2:$B$301,MATCH($A4,Policy!$A$2:$A$301,0)),"MRO không có")) | C4: =IF($A4="","",IFERROR(INDEX(Policy!$E$2:$E$301,MATCH($A4,Policy!$A$2:$A$301,0)),"MRO không có"))
B5: =IF($A5="","",IFERROR(INDEX(Policy!$B$2:$B$301,MATCH($A5,Policy!$A$2:$A$301,0)),"MRO không có")) | C5: =IF($A5="","",IFERROR(INDEX(Policy!$E$2:$E$301,MATCH($A5,Policy!$A$2:$A$301,0)),"MRO không có"))
B6: =IF($A6="","",IFERROR(INDEX(Policy!$B$2:$B$301,MATCH($A6,Policy!$A$2:$A$301,0)),"MRO không có")) | C6: =IF($A6="","",IFERROR(INDEX(Policy!$E$2:$E$301,MATCH($A6,Policy!$A$2:$A$301,0)),"MRO không có"))
B7: =IF($A7="","",IFERROR(INDEX(Policy!$B$2:$B$301,MATCH($A7,Policy!$A$2:$A$301,0)),"MRO không có")) | C7: =IF($A7="","",IFERROR(INDEX(Policy!$E$2:$E$301,MATCH($A7,Policy!$A$2:$A$301,0)),"MRO không có"))
B8: =IF($A8="","",IFERROR(INDEX(Policy!$B$2:$B$301,MATCH($A8,Policy!$A$2:$A$301,0)),"MRO không có")) | C8: =IF($A8="","",IFERROR(INDEX(Policy!$E$2:$E$301,MATCH($A8,Policy!$A$2:$A$301,0)),"MRO không có"))
B9: =IF($A9="","",IFERROR(INDEX(Policy!$B$2:$B$301,MATCH($A9,Policy!$A$2:$A$301,0)),"MRO không có")) | C9: =IF($A9="","",IFERROR(INDEX(Policy!$E$2:$E$301,MATCH($A9,Policy!$A$2:$A$301,0)),"MRO không có"))
B10: =IF($A10="","",IFERROR(INDEX(Policy!$B$2:$B$301,MATCH($A10,Policy!$A$2:$A$301,0)),"MRO không có")) | C10: =IF($A10="","",IFERROR(INDEX(Policy!$E$2:$E$301,MATCH($A10,Policy!$A$2:$A$301,0)),"MRO không có"))
B11: =IF($A11="","",IFERROR(INDEX(Policy!$B$2:$B$301,MATCH($A11,Policy!$A$2:$A$301,0)),"MRO không có")) | C11: =IF($A11="","",IFERROR(INDEX(Policy!$E$2:$E$301,MATCH($A11,Policy!$A$2:$A$301,0)),"MRO không có"))
B12: =IF($A12="","",IFERROR(INDEX(Policy!$B$2:$B$301,MATCH($A12,Policy!$A$2:$A$301,0)),"MRO không có")) | C12: =IF($A12="","",IFERROR(INDEX(Policy!$E$2:$E$301,MATCH($A12,Policy!$A$2:$A$301,0)),"MRO không có"))
B13: =IF($A13="","",IFERROR(INDEX(Policy!$B$2:$B$301,MATCH($A13,Policy!$A$2:$A$301,0)),"MRO không có")) | C13: =IF($A13="","",IFERROR(INDEX(Policy!$E$2:$E$301,MATCH($A13,Policy!$A$2:$A$301,0)),"MRO không có"))
B14: =IF($A14="","",IFERROR(INDEX(Policy!$B$2:$B$301,MATCH($A14,Policy!$A$2:$A$301,0)),"MRO không có")) | C14: =IF($A14="","",IFERROR(INDEX(Policy!$E$2:$E$301,MATCH($A14,Policy!$A$2:$A$301,0)),"MRO không có"))
... B301: =IF($A301="","",IFERROR(INDEX(Policy!$B$2:$B$301,MATCH($A301,Policy!$A$2:$A$301,0)),"MRO không có")) | C301: =IF($A301="","",IFERROR(INDEX(Policy!$E$2:$E$301,MATCH($A301,Policy!$A$2:$A$301,0)),"MRO không có"))

Sheet Danh mục
A1: L_Status | B1: L_Broker | C1: L_Region | D1: L_Channel | E1: L_Leader | F1: L_RiskType | G1: L_Type | H1: L_Category | I1: L_Flying | J1: L_Source | K1: L_PremStatus | L1: Hull | M1: Liability | N1: L_Coverage | O1: L_ClaimStatus | P1: L_PaidStatus | Q1: L_InstPaid
A2: Bound | B2: AJG | C2: Asia Pacific RIM | D2: A1 | E2: AXA XL | F2: HSL | G2: RI | H2: ABC | I2: Flying | J2: Major PVI | K2: Estimated | L2: Engine | M2: Passenger | N2: Hull | O2: Open | P2: Paid | Q2: Paid
A3: Offered | B3: Marsh | C3: Africa | D3: MAAPS | E3: Allianz | F3: LIABS | G3: XOL | H3: 2nd Schedule | I3: Non-Flying | J3: Non-major Alif | K3: Closing | L3: Ground Handling | M3: Human | N3: Liability | O3: Closed | P3: Partial | Q3: Unpaid
A4: Cancelled | B4: WTW | C4: Middle East | D4: Open market | E4: Arrow | F4: HW | G4: Direct | K4: Adjusted | L4: Hard landing | M4: Third party property | O4: Reopened | P4: Unpaid
A5: Declined | B5: McGill | C5: Europe | E5: Atrium | F5: TLO | G5: Fronting | L5: Bird strike | M5: Ground Handling
B6: MBPH | C6: Americas | E6: Beazley | L6: Spare | M6: Product / Hangarkeepers
B7: KMD | E7: Chubb | L7: Partial loss | M7: Other
B8: Lockton | E8: Convex | L8: Total loss
B9: GC | E9: Global | L9: Other
B10: UIB | E10: Liberty
B11: Prudent | E11: LRA
B12: Howden | E12: Nexus
B13: Aon | E13: SFMIC
B14: BMS | E14: SIEL
B15: Gallagher Re | E15: Starr
E16: Tokio Marine Kiln
A35: Bổ sung giá trị mới vào cuối cột tương ứng (ô trống ngay dưới danh sách). Danh sách chọn trong các sheet tự cập nhật.
